"use strict";(self.webpackChunkdoris_website=self.webpackChunkdoris_website||[]).push([["707014"],{471657:function(n,e,t){t.r(e),t.d(e,{metadata:()=>s,contentTitle:()=>i,default:()=>c,assets:()=>r,toc:()=>d,frontMatter:()=>l});var s=JSON.parse('{"id":"sql-manual/sql-reference/Data-Types/JSONB","title":"JSONB","description":"\x3c!--","source":"@site/versioned_docs/version-1.2/sql-manual/sql-reference/Data-Types/JSONB.md","sourceDirName":"sql-manual/sql-reference/Data-Types","slug":"/sql-manual/sql-reference/Data-Types/JSONB","permalink":"/docs/1.2/sql-manual/sql-reference/Data-Types/JSONB","draft":false,"unlisted":false,"tags":[],"version":"1.2","frontMatter":{"title":"JSONB","language":"en"},"sidebar":"docs","previous":{"title":"ARRAY","permalink":"/docs/1.2/sql-manual/sql-reference/Data-Types/ARRAY"},"next":{"title":"IN","permalink":"/docs/1.2/sql-manual/sql-reference/Operators/in"}}'),a=t("785893"),L=t("250065");let l={title:"JSONB",language:"en"},i=void 0,r={},d=[{value:"JSONB",id:"jsonb",level:2},{value:"description",id:"description",level:3},{value:"note",id:"note",level:3},{value:"example",id:"example",level:3},{value:"create database and table",id:"create-database-and-table",level:4},{value:"Load data",id:"load-data",level:4},{value:"stream load test_jsonb.csv test data",id:"stream-load-test_jsonbcsv-test-data",level:5},{value:"write data using insert into",id:"write-data-using-insert-into",level:5},{value:"Query",id:"query",level:4},{value:"extract some filed from json by jsonb_extract functions",id:"extract-some-filed-from-json-by-jsonb_extract-functions",level:5},{value:"check if a field is existed in json by jsonb_exists_path",id:"check-if-a-field-is-existed-in-json-by-jsonb_exists_path",level:5},{value:"get the datatype of a field in json by jsonb_type",id:"get-the-datatype-of-a-field-in-json-by-jsonb_type",level:5},{value:"keywords",id:"keywords",level:3}];function o(n){let e={code:"code",h2:"h2",h3:"h3",h4:"h4",h5:"h5",li:"li",ol:"ol",p:"p",pre:"pre",ul:"ul",...(0,L.a)(),...n.components};return(0,a.jsxs)(a.Fragment,{children:[(0,a.jsx)(e.h2,{id:"jsonb",children:"JSONB"}),"\n",(0,a.jsx)(e.p,{children:"JSONB"}),"\n",(0,a.jsx)(e.h3,{id:"description",children:"description"}),"\n",(0,a.jsx)(e.pre,{children:(0,a.jsx)(e.code,{children:"JSONB (JSON Binary) datatype.\n    Use binary JSON format for storage and jsonb function to extract field.The maximum (default) support is 1048576 bytes (1MB), and the JSONB type is also limited by the be configuration `jsonb_type_length_soft_limit_bytes`\n"})}),"\n",(0,a.jsx)(e.h3,{id:"note",children:"note"}),"\n",(0,a.jsx)(e.pre,{children:(0,a.jsx)(e.code,{children:"There are some advantanges for JSONB over plain JSON STRING.\n1. JSON syntax will be validated on write to ensure data quality\n2. JSONB format is more efficient. Using jsonb_extract functions on JSONB format is 2-4 times faster than get_json_xx on JSON STRING format.\n"})}),"\n",(0,a.jsx)(e.h3,{id:"example",children:"example"}),"\n",(0,a.jsx)(e.p,{children:"A tutorial for JSONB datatype including create table, load data and query."}),"\n",(0,a.jsx)(e.h4,{id:"create-database-and-table",children:"create database and table"}),"\n",(0,a.jsx)(e.pre,{children:(0,a.jsx)(e.code,{children:'CREATE DATABASE testdb;\n\nUSE testdb;\n\nCREATE TABLE test_jsonb (\n  id INT,\n  j JSONB\n)\nDUPLICATE KEY(id)\nDISTRIBUTED BY HASH(id) BUCKETS 10\nPROPERTIES("replication_num" = "1");\n'})}),"\n",(0,a.jsx)(e.h4,{id:"load-data",children:"Load data"}),"\n",(0,a.jsx)(e.h5,{id:"stream-load-test_jsonbcsv-test-data",children:"stream load test_jsonb.csv test data"}),"\n",(0,a.jsxs)(e.ul,{children:["\n",(0,a.jsx)(e.li,{children:"there are 2 columns, the 1st column is id and the 2nd column is json string"}),"\n",(0,a.jsx)(e.li,{children:"there are 25 rows, the first 18 rows are valid json and the last 7 rows are invalid"}),"\n"]}),"\n",(0,a.jsx)(e.pre,{children:(0,a.jsx)(e.code,{children:'1	\\N\n2	null\n3	true\n4	false\n5	100\n6	10000\n7	1000000000\n8	1152921504606846976\n9	6.18\n10	"abcd"\n11	{}\n12	{"k1":"v31", "k2": 300}\n13	[]\n14	[123, 456]\n15	["abc", "def"]\n16	[null, true, false, 100, 6.18, "abc"]\n17	[{"k1":"v41", "k2": 400}, 1, "a", 3.14]\n18	{"k1":"v31", "k2": 300, "a1": [{"k1":"v41", "k2": 400}, 1, "a", 3.14]}\n19	\'\'\n20	\'abc\'\n21	abc\n22	100x\n23	6.a8\n24	{x\n25	[123, abc]\n'})}),"\n",(0,a.jsxs)(e.ul,{children:["\n",(0,a.jsx)(e.li,{children:'due to the 28% of rows is invalid\uFF0Cstream load with default configuration will fail with error message "too many filtered rows"'}),"\n"]}),"\n",(0,a.jsx)(e.pre,{children:(0,a.jsx)(e.code,{children:'curl --location-trusted -u root: -T test_jsonb.csv http://127.0.0.1:8840/api/testdb/test_jsonb/_stream_load\n{\n    "TxnId": 12019,\n    "Label": "744d9821-9c9f-43dc-bf3b-7ab048f14e32",\n    "TwoPhaseCommit": "false",\n    "Status": "Fail",\n    "Message": "too many filtered rows",\n    "NumberTotalRows": 25,\n    "NumberLoadedRows": 18,\n    "NumberFilteredRows": 7,\n    "NumberUnselectedRows": 0,\n    "LoadBytes": 380,\n    "LoadTimeMs": 48,\n    "BeginTxnTimeMs": 0,\n    "StreamLoadPutTimeMs": 1,\n    "ReadDataTimeMs": 0,\n    "WriteDataTimeMs": 45,\n    "CommitAndPublishTimeMs": 0,\n    "ErrorURL": "http://172.21.0.5:8840/api/_load_error_log?file=__shard_2/error_log_insert_stmt_95435c4bf5f156df-426735082a9296af_95435c4bf5f156df_426735082a9296af"\n}\n'})}),"\n",(0,a.jsxs)(e.ul,{children:["\n",(0,a.jsx)(e.li,{children:"stream load will success after set header configuration 'max_filter_ratio: 0.3'"}),"\n"]}),"\n",(0,a.jsx)(e.pre,{children:(0,a.jsx)(e.code,{children:'curl --location-trusted -u root: -H \'max_filter_ratio: 0.3\' -T test_jsonb.csv http://127.0.0.1:8840/api/testdb/test_jsonb/_stream_load\n{\n    "TxnId": 12017,\n    "Label": "f37a50c1-43e9-4f4e-a159-a3db6abe2579",\n    "TwoPhaseCommit": "false",\n    "Status": "Success",\n    "Message": "OK",\n    "NumberTotalRows": 25,\n    "NumberLoadedRows": 18,\n    "NumberFilteredRows": 7,\n    "NumberUnselectedRows": 0,\n    "LoadBytes": 380,\n    "LoadTimeMs": 68,\n    "BeginTxnTimeMs": 0,\n    "StreamLoadPutTimeMs": 2,\n    "ReadDataTimeMs": 0,\n    "WriteDataTimeMs": 45,\n    "CommitAndPublishTimeMs": 19,\n    "ErrorURL": "http://172.21.0.5:8840/api/_load_error_log?file=__shard_0/error_log_insert_stmt_a1463f98a7b15caf-c79399b920f5bfa3_a1463f98a7b15caf_c79399b920f5bfa3"\n}\n'})}),"\n",(0,a.jsxs)(e.ul,{children:["\n",(0,a.jsx)(e.li,{children:"use SELECT to view the data loaded by stream load. The column with JSONB type will be displayed as plain JSON string."}),"\n"]}),"\n",(0,a.jsx)(e.pre,{children:(0,a.jsx)(e.code,{children:'mysql> SELECT * FROM test_jsonb ORDER BY id;\n+------+---------------------------------------------------------------+\n| id   | j                                                             |\n+------+---------------------------------------------------------------+\n|    1 |                                                          NULL |\n|    2 |                                                          null |\n|    3 |                                                          true |\n|    4 |                                                         false |\n|    5 |                                                           100 |\n|    6 |                                                         10000 |\n|    7 |                                                    1000000000 |\n|    8 |                                           1152921504606846976 |\n|    9 |                                                          6.18 |\n|   10 |                                                        "abcd" |\n|   11 |                                                            {} |\n|   12 |                                         {"k1":"v31","k2":300} |\n|   13 |                                                            [] |\n|   14 |                                                     [123,456] |\n|   15 |                                                 ["abc","def"] |\n|   16 |                              [null,true,false,100,6.18,"abc"] |\n|   17 |                            [{"k1":"v41","k2":400},1,"a",3.14] |\n|   18 | {"k1":"v31","k2":300,"a1":[{"k1":"v41","k2":400},1,"a",3.14]} |\n+------+---------------------------------------------------------------+\n18 rows in set (0.03 sec)\n\n'})}),"\n",(0,a.jsx)(e.h5,{id:"write-data-using-insert-into",children:"write data using insert into"}),"\n",(0,a.jsxs)(e.ul,{children:["\n",(0,a.jsx)(e.li,{children:"total rows increae from 18 to 19 after insert 1 row"}),"\n"]}),"\n",(0,a.jsx)(e.pre,{children:(0,a.jsx)(e.code,{children:'mysql> INSERT INTO test_jsonb VALUES(26, \'{"k1":"v1", "k2": 200}\');\nQuery OK, 1 row affected (0.09 sec)\n{\'label\':\'insert_4ece6769d1b42fd_ac9f25b3b8f3dc02\', \'status\':\'VISIBLE\', \'txnId\':\'12016\'}\n\nmysql> SELECT * FROM test_jsonb ORDER BY id;\n+------+---------------------------------------------------------------+\n| id   | j                                                             |\n+------+---------------------------------------------------------------+\n|    1 |                                                          NULL |\n|    2 |                                                          null |\n|    3 |                                                          true |\n|    4 |                                                         false |\n|    5 |                                                           100 |\n|    6 |                                                         10000 |\n|    7 |                                                    1000000000 |\n|    8 |                                           1152921504606846976 |\n|    9 |                                                          6.18 |\n|   10 |                                                        "abcd" |\n|   11 |                                                            {} |\n|   12 |                                         {"k1":"v31","k2":300} |\n|   13 |                                                            [] |\n|   14 |                                                     [123,456] |\n|   15 |                                                 ["abc","def"] |\n|   16 |                              [null,true,false,100,6.18,"abc"] |\n|   17 |                            [{"k1":"v41","k2":400},1,"a",3.14] |\n|   18 | {"k1":"v31","k2":300,"a1":[{"k1":"v41","k2":400},1,"a",3.14]} |\n|   26 |                                          {"k1":"v1","k2":200} |\n+------+---------------------------------------------------------------+\n19 rows in set (0.03 sec)\n\n'})}),"\n",(0,a.jsx)(e.h4,{id:"query",children:"Query"}),"\n",(0,a.jsx)(e.h5,{id:"extract-some-filed-from-json-by-jsonb_extract-functions",children:"extract some filed from json by jsonb_extract functions"}),"\n",(0,a.jsxs)(e.ol,{children:["\n",(0,a.jsx)(e.li,{children:"extract the whole json, '$' stands for root in json path"}),"\n"]}),"\n",(0,a.jsx)(e.pre,{children:(0,a.jsx)(e.code,{children:'+------+---------------------------------------------------------------+---------------------------------------------------------------+\n| id   | j                                                             | jsonb_extract(`j`, \'$\')                                       |\n+------+---------------------------------------------------------------+---------------------------------------------------------------+\n|    1 |                                                          NULL |                                                          NULL |\n|    2 |                                                          null |                                                          null |\n|    3 |                                                          true |                                                          true |\n|    4 |                                                         false |                                                         false |\n|    5 |                                                           100 |                                                           100 |\n|    6 |                                                         10000 |                                                         10000 |\n|    7 |                                                    1000000000 |                                                    1000000000 |\n|    8 |                                           1152921504606846976 |                                           1152921504606846976 |\n|    9 |                                                          6.18 |                                                          6.18 |\n|   10 |                                                        "abcd" |                                                        "abcd" |\n|   11 |                                                            {} |                                                            {} |\n|   12 |                                         {"k1":"v31","k2":300} |                                         {"k1":"v31","k2":300} |\n|   13 |                                                            [] |                                                            [] |\n|   14 |                                                     [123,456] |                                                     [123,456] |\n|   15 |                                                 ["abc","def"] |                                                 ["abc","def"] |\n|   16 |                              [null,true,false,100,6.18,"abc"] |                              [null,true,false,100,6.18,"abc"] |\n|   17 |                            [{"k1":"v41","k2":400},1,"a",3.14] |                            [{"k1":"v41","k2":400},1,"a",3.14] |\n|   18 | {"k1":"v31","k2":300,"a1":[{"k1":"v41","k2":400},1,"a",3.14]} | {"k1":"v31","k2":300,"a1":[{"k1":"v41","k2":400},1,"a",3.14]} |\n|   26 |                                          {"k1":"v1","k2":200} |                                          {"k1":"v1","k2":200} |\n+------+---------------------------------------------------------------+---------------------------------------------------------------+\n19 rows in set (0.03 sec)\n'})}),"\n",(0,a.jsxs)(e.ol,{children:["\n",(0,a.jsx)(e.li,{children:"extract k1 field, return NULL if it does not exist"}),"\n"]}),"\n",(0,a.jsx)(e.pre,{children:(0,a.jsx)(e.code,{children:'mysql> SELECT id, j, jsonb_extract(j, \'$.k1\') FROM test_jsonb ORDER BY id;\n+------+---------------------------------------------------------------+----------------------------+\n| id   | j                                                             | jsonb_extract(`j`, \'$.k1\') |\n+------+---------------------------------------------------------------+----------------------------+\n|    1 |                                                          NULL |                       NULL |\n|    2 |                                                          null |                       NULL |\n|    3 |                                                          true |                       NULL |\n|    4 |                                                         false |                       NULL |\n|    5 |                                                           100 |                       NULL |\n|    6 |                                                         10000 |                       NULL |\n|    7 |                                                    1000000000 |                       NULL |\n|    8 |                                           1152921504606846976 |                       NULL |\n|    9 |                                                          6.18 |                       NULL |\n|   10 |                                                        "abcd" |                       NULL |\n|   11 |                                                            {} |                       NULL |\n|   12 |                                         {"k1":"v31","k2":300} |                      "v31" |\n|   13 |                                                            [] |                       NULL |\n|   14 |                                                     [123,456] |                       NULL |\n|   15 |                                                 ["abc","def"] |                       NULL |\n|   16 |                              [null,true,false,100,6.18,"abc"] |                       NULL |\n|   17 |                            [{"k1":"v41","k2":400},1,"a",3.14] |                       NULL |\n|   18 | {"k1":"v31","k2":300,"a1":[{"k1":"v41","k2":400},1,"a",3.14]} |                      "v31" |\n|   26 |                                          {"k1":"v1","k2":200} |                       "v1" |\n+------+---------------------------------------------------------------+----------------------------+\n19 rows in set (0.03 sec)\n'})}),"\n",(0,a.jsxs)(e.ol,{children:["\n",(0,a.jsx)(e.li,{children:"extract element 0 of the top level array"}),"\n"]}),"\n",(0,a.jsx)(e.pre,{children:(0,a.jsx)(e.code,{children:'mysql> SELECT id, j, jsonb_extract(j, \'$[0]\') FROM test_jsonb ORDER BY id;\n+------+---------------------------------------------------------------+----------------------------+\n| id   | j                                                             | jsonb_extract(`j`, \'$[0]\') |\n+------+---------------------------------------------------------------+----------------------------+\n|    1 |                                                          NULL |                       NULL |\n|    2 |                                                          null |                       NULL |\n|    3 |                                                          true |                       NULL |\n|    4 |                                                         false |                       NULL |\n|    5 |                                                           100 |                       NULL |\n|    6 |                                                         10000 |                       NULL |\n|    7 |                                                    1000000000 |                       NULL |\n|    8 |                                           1152921504606846976 |                       NULL |\n|    9 |                                                          6.18 |                       NULL |\n|   10 |                                                        "abcd" |                       NULL |\n|   11 |                                                            {} |                       NULL |\n|   12 |                                         {"k1":"v31","k2":300} |                       NULL |\n|   13 |                                                            [] |                       NULL |\n|   14 |                                                     [123,456] |                        123 |\n|   15 |                                                 ["abc","def"] |                      "abc" |\n|   16 |                              [null,true,false,100,6.18,"abc"] |                       null |\n|   17 |                            [{"k1":"v41","k2":400},1,"a",3.14] |      {"k1":"v41","k2":400} |\n|   18 | {"k1":"v31","k2":300,"a1":[{"k1":"v41","k2":400},1,"a",3.14]} |                       NULL |\n|   26 |                                          {"k1":"v1","k2":200} |                       NULL |\n+------+---------------------------------------------------------------+----------------------------+\n19 rows in set (0.03 sec)\n'})}),"\n",(0,a.jsxs)(e.ol,{children:["\n",(0,a.jsx)(e.li,{children:"extract a whole json array of name a1"}),"\n"]}),"\n",(0,a.jsx)(e.pre,{children:(0,a.jsx)(e.code,{children:'mysql> SELECT id, j, jsonb_extract(j, \'$.a1\') FROM test_jsonb ORDER BY id;\n+------+---------------------------------------------------------------+------------------------------------+\n| id   | j                                                             | jsonb_extract(`j`, \'$.a1\')         |\n+------+---------------------------------------------------------------+------------------------------------+\n|    1 |                                                          NULL |                               NULL |\n|    2 |                                                          null |                               NULL |\n|    3 |                                                          true |                               NULL |\n|    4 |                                                         false |                               NULL |\n|    5 |                                                           100 |                               NULL |\n|    6 |                                                         10000 |                               NULL |\n|    7 |                                                    1000000000 |                               NULL |\n|    8 |                                           1152921504606846976 |                               NULL |\n|    9 |                                                          6.18 |                               NULL |\n|   10 |                                                        "abcd" |                               NULL |\n|   11 |                                                            {} |                               NULL |\n|   12 |                                         {"k1":"v31","k2":300} |                               NULL |\n|   13 |                                                            [] |                               NULL |\n|   14 |                                                     [123,456] |                               NULL |\n|   15 |                                                 ["abc","def"] |                               NULL |\n|   16 |                              [null,true,false,100,6.18,"abc"] |                               NULL |\n|   17 |                            [{"k1":"v41","k2":400},1,"a",3.14] |                               NULL |\n|   18 | {"k1":"v31","k2":300,"a1":[{"k1":"v41","k2":400},1,"a",3.14]} | [{"k1":"v41","k2":400},1,"a",3.14] |\n|   26 |                                          {"k1":"v1","k2":200} |                               NULL |\n+------+---------------------------------------------------------------+------------------------------------+\n19 rows in set (0.02 sec)\n'})}),"\n",(0,a.jsxs)(e.ol,{children:["\n",(0,a.jsx)(e.li,{children:"extract nested field from an object in an array"}),"\n"]}),"\n",(0,a.jsx)(e.pre,{children:(0,a.jsx)(e.code,{children:'mysql> SELECT id, j, jsonb_extract(j, \'$.a1[0]\'), jsonb_extract(j, \'$.a1[0].k1\') FROM test_jsonb ORDER BY id;\n+------+---------------------------------------------------------------+-------------------------------+----------------------------------+\n| id   | j                                                             | jsonb_extract(`j`, \'$.a1[0]\') | jsonb_extract(`j`, \'$.a1[0].k1\') |\n+------+---------------------------------------------------------------+-------------------------------+----------------------------------+\n|    1 |                                                          NULL |                          NULL |                             NULL |\n|    2 |                                                          null |                          NULL |                             NULL |\n|    3 |                                                          true |                          NULL |                             NULL |\n|    4 |                                                         false |                          NULL |                             NULL |\n|    5 |                                                           100 |                          NULL |                             NULL |\n|    6 |                                                         10000 |                          NULL |                             NULL |\n|    7 |                                                    1000000000 |                          NULL |                             NULL |\n|    8 |                                           1152921504606846976 |                          NULL |                             NULL |\n|    9 |                                                          6.18 |                          NULL |                             NULL |\n|   10 |                                                        "abcd" |                          NULL |                             NULL |\n|   11 |                                                            {} |                          NULL |                             NULL |\n|   12 |                                         {"k1":"v31","k2":300} |                          NULL |                             NULL |\n|   13 |                                                            [] |                          NULL |                             NULL |\n|   14 |                                                     [123,456] |                          NULL |                             NULL |\n|   15 |                                                 ["abc","def"] |                          NULL |                             NULL |\n|   16 |                              [null,true,false,100,6.18,"abc"] |                          NULL |                             NULL |\n|   17 |                            [{"k1":"v41","k2":400},1,"a",3.14] |                          NULL |                             NULL |\n|   18 | {"k1":"v31","k2":300,"a1":[{"k1":"v41","k2":400},1,"a",3.14]} |         {"k1":"v41","k2":400} |                            "v41" |\n|   26 |                                          {"k1":"v1","k2":200} |                          NULL |                             NULL |\n+------+---------------------------------------------------------------+-------------------------------+----------------------------------+\n19 rows in set (0.02 sec)\n\n'})}),"\n",(0,a.jsxs)(e.ol,{children:["\n",(0,a.jsx)(e.li,{children:"extract field with specific datatype"}),"\n"]}),"\n",(0,a.jsxs)(e.ul,{children:["\n",(0,a.jsx)(e.li,{children:"jsonb_extract_string will extract field with string type\uFF0Cconvert to string if the field is not string"}),"\n"]}),"\n",(0,a.jsx)(e.pre,{children:(0,a.jsx)(e.code,{children:'mysql> SELECT id, j, jsonb_extract_string(j, \'$\') FROM test_jsonb ORDER BY id;\n+------+---------------------------------------------------------------+---------------------------------------------------------------+\n| id   | j                                                             | jsonb_extract_string(`j`, \'$\')                                |\n+------+---------------------------------------------------------------+---------------------------------------------------------------+\n|    1 | NULL                                                          | NULL                                                          |\n|    2 | null                                                          | null                                                          |\n|    3 | true                                                          | true                                                          |\n|    4 | false                                                         | false                                                         |\n|    5 | 100                                                           | 100                                                           |\n|    6 | 10000                                                         | 10000                                                         |\n|    7 | 1000000000                                                    | 1000000000                                                    |\n|    8 | 1152921504606846976                                           | 1152921504606846976                                           |\n|    9 | 6.18                                                          | 6.18                                                          |\n|   10 | "abcd"                                                        | abcd                                                          |\n|   11 | {}                                                            | {}                                                            |\n|   12 | {"k1":"v31","k2":300}                                         | {"k1":"v31","k2":300}                                         |\n|   13 | []                                                            | []                                                            |\n|   14 | [123,456]                                                     | [123,456]                                                     |\n|   15 | ["abc","def"]                                                 | ["abc","def"]                                                 |\n|   16 | [null,true,false,100,6.18,"abc"]                              | [null,true,false,100,6.18,"abc"]                              |\n|   17 | [{"k1":"v41","k2":400},1,"a",3.14]                            | [{"k1":"v41","k2":400},1,"a",3.14]                            |\n|   18 | {"k1":"v31","k2":300,"a1":[{"k1":"v41","k2":400},1,"a",3.14]} | {"k1":"v31","k2":300,"a1":[{"k1":"v41","k2":400},1,"a",3.14]} |\n|   26 | {"k1":"v1","k2":200}                                          | {"k1":"v1","k2":200}                                          |\n+------+---------------------------------------------------------------+---------------------------------------------------------------+\n19 rows in set (0.02 sec)\n\nmysql> SELECT id, j, jsonb_extract_string(j, \'$.k1\') FROM test_jsonb ORDER BY id;\n+------+---------------------------------------------------------------+-----------------------------------+\n| id   | j                                                             | jsonb_extract_string(`j`, \'$.k1\') |\n+------+---------------------------------------------------------------+-----------------------------------+\n|    1 |                                                          NULL | NULL                              |\n|    2 |                                                          null | NULL                              |\n|    3 |                                                          true | NULL                              |\n|    4 |                                                         false | NULL                              |\n|    5 |                                                           100 | NULL                              |\n|    6 |                                                         10000 | NULL                              |\n|    7 |                                                    1000000000 | NULL                              |\n|    8 |                                           1152921504606846976 | NULL                              |\n|    9 |                                                          6.18 | NULL                              |\n|   10 |                                                        "abcd" | NULL                              |\n|   11 |                                                            {} | NULL                              |\n|   12 |                                         {"k1":"v31","k2":300} | v31                               |\n|   13 |                                                            [] | NULL                              |\n|   14 |                                                     [123,456] | NULL                              |\n|   15 |                                                 ["abc","def"] | NULL                              |\n|   16 |                              [null,true,false,100,6.18,"abc"] | NULL                              |\n|   17 |                            [{"k1":"v41","k2":400},1,"a",3.14] | NULL                              |\n|   18 | {"k1":"v31","k2":300,"a1":[{"k1":"v41","k2":400},1,"a",3.14]} | v31                               |\n|   26 |                                          {"k1":"v1","k2":200} | v1                                |\n+------+---------------------------------------------------------------+-----------------------------------+\n19 rows in set (0.03 sec)\n\n'})}),"\n",(0,a.jsxs)(e.ul,{children:["\n",(0,a.jsx)(e.li,{children:"jsonb_extract_int will extract field with int type\uFF0Creturn NULL if the field is not int"}),"\n"]}),"\n",(0,a.jsx)(e.pre,{children:(0,a.jsx)(e.code,{children:'mysql> SELECT id, j, jsonb_extract_int(j, \'$\') FROM test_jsonb ORDER BY id;\n+------+---------------------------------------------------------------+-----------------------------+\n| id   | j                                                             | jsonb_extract_int(`j`, \'$\') |\n+------+---------------------------------------------------------------+-----------------------------+\n|    1 |                                                          NULL |                        NULL |\n|    2 |                                                          null |                        NULL |\n|    3 |                                                          true |                        NULL |\n|    4 |                                                         false |                        NULL |\n|    5 |                                                           100 |                         100 |\n|    6 |                                                         10000 |                       10000 |\n|    7 |                                                    1000000000 |                  1000000000 |\n|    8 |                                           1152921504606846976 |                        NULL |\n|    9 |                                                          6.18 |                        NULL |\n|   10 |                                                        "abcd" |                        NULL |\n|   11 |                                                            {} |                        NULL |\n|   12 |                                         {"k1":"v31","k2":300} |                        NULL |\n|   13 |                                                            [] |                        NULL |\n|   14 |                                                     [123,456] |                        NULL |\n|   15 |                                                 ["abc","def"] |                        NULL |\n|   16 |                              [null,true,false,100,6.18,"abc"] |                        NULL |\n|   17 |                            [{"k1":"v41","k2":400},1,"a",3.14] |                        NULL |\n|   18 | {"k1":"v31","k2":300,"a1":[{"k1":"v41","k2":400},1,"a",3.14]} |                        NULL |\n|   26 |                                          {"k1":"v1","k2":200} |                        NULL |\n+------+---------------------------------------------------------------+-----------------------------+\n19 rows in set (0.02 sec)\n\nmysql> SELECT id, j, jsonb_extract_int(j, \'$.k2\') FROM test_jsonb ORDER BY id;\n+------+---------------------------------------------------------------+--------------------------------+\n| id   | j                                                             | jsonb_extract_int(`j`, \'$.k2\') |\n+------+---------------------------------------------------------------+--------------------------------+\n|    1 |                                                          NULL |                           NULL |\n|    2 |                                                          null |                           NULL |\n|    3 |                                                          true |                           NULL |\n|    4 |                                                         false |                           NULL |\n|    5 |                                                           100 |                           NULL |\n|    6 |                                                         10000 |                           NULL |\n|    7 |                                                    1000000000 |                           NULL |\n|    8 |                                           1152921504606846976 |                           NULL |\n|    9 |                                                          6.18 |                           NULL |\n|   10 |                                                        "abcd" |                           NULL |\n|   11 |                                                            {} |                           NULL |\n|   12 |                                         {"k1":"v31","k2":300} |                            300 |\n|   13 |                                                            [] |                           NULL |\n|   14 |                                                     [123,456] |                           NULL |\n|   15 |                                                 ["abc","def"] |                           NULL |\n|   16 |                              [null,true,false,100,6.18,"abc"] |                           NULL |\n|   17 |                            [{"k1":"v41","k2":400},1,"a",3.14] |                           NULL |\n|   18 | {"k1":"v31","k2":300,"a1":[{"k1":"v41","k2":400},1,"a",3.14]} |                            300 |\n|   26 |                                          {"k1":"v1","k2":200} |                            200 |\n+------+---------------------------------------------------------------+--------------------------------+\n19 rows in set (0.03 sec)\n'})}),"\n",(0,a.jsxs)(e.ul,{children:["\n",(0,a.jsx)(e.li,{children:"jsonb_extract_bigint will extract field with bigint type\uFF0Creturn NULL if the field is not bigint"}),"\n"]}),"\n",(0,a.jsx)(e.pre,{children:(0,a.jsx)(e.code,{children:'mysql> SELECT id, j, jsonb_extract_bigint(j, \'$\') FROM test_jsonb ORDER BY id;\n+------+---------------------------------------------------------------+--------------------------------+\n| id   | j                                                             | jsonb_extract_bigint(`j`, \'$\') |\n+------+---------------------------------------------------------------+--------------------------------+\n|    1 |                                                          NULL |                           NULL |\n|    2 |                                                          null |                           NULL |\n|    3 |                                                          true |                           NULL |\n|    4 |                                                         false |                           NULL |\n|    5 |                                                           100 |                            100 |\n|    6 |                                                         10000 |                          10000 |\n|    7 |                                                    1000000000 |                     1000000000 |\n|    8 |                                           1152921504606846976 |            1152921504606846976 |\n|    9 |                                                          6.18 |                           NULL |\n|   10 |                                                        "abcd" |                           NULL |\n|   11 |                                                            {} |                           NULL |\n|   12 |                                         {"k1":"v31","k2":300} |                           NULL |\n|   13 |                                                            [] |                           NULL |\n|   14 |                                                     [123,456] |                           NULL |\n|   15 |                                                 ["abc","def"] |                           NULL |\n|   16 |                              [null,true,false,100,6.18,"abc"] |                           NULL |\n|   17 |                            [{"k1":"v41","k2":400},1,"a",3.14] |                           NULL |\n|   18 | {"k1":"v31","k2":300,"a1":[{"k1":"v41","k2":400},1,"a",3.14]} |                           NULL |\n|   26 |                                          {"k1":"v1","k2":200} |                           NULL |\n+------+---------------------------------------------------------------+--------------------------------+\n19 rows in set (0.03 sec)\n\nmysql> SELECT id, j, jsonb_extract_bigint(j, \'$.k2\') FROM test_jsonb ORDER BY id;\n+------+---------------------------------------------------------------+-----------------------------------+\n| id   | j                                                             | jsonb_extract_bigint(`j`, \'$.k2\') |\n+------+---------------------------------------------------------------+-----------------------------------+\n|    1 |                                                          NULL |                              NULL |\n|    2 |                                                          null |                              NULL |\n|    3 |                                                          true |                              NULL |\n|    4 |                                                         false |                              NULL |\n|    5 |                                                           100 |                              NULL |\n|    6 |                                                         10000 |                              NULL |\n|    7 |                                                    1000000000 |                              NULL |\n|    8 |                                           1152921504606846976 |                              NULL |\n|    9 |                                                          6.18 |                              NULL |\n|   10 |                                                        "abcd" |                              NULL |\n|   11 |                                                            {} |                              NULL |\n|   12 |                                         {"k1":"v31","k2":300} |                               300 |\n|   13 |                                                            [] |                              NULL |\n|   14 |                                                     [123,456] |                              NULL |\n|   15 |                                                 ["abc","def"] |                              NULL |\n|   16 |                              [null,true,false,100,6.18,"abc"] |                              NULL |\n|   17 |                            [{"k1":"v41","k2":400},1,"a",3.14] |                              NULL |\n|   18 | {"k1":"v31","k2":300,"a1":[{"k1":"v41","k2":400},1,"a",3.14]} |                               300 |\n|   26 |                                          {"k1":"v1","k2":200} |                               200 |\n+------+---------------------------------------------------------------+-----------------------------------+\n19 rows in set (0.02 sec)\n\n'})}),"\n",(0,a.jsxs)(e.ul,{children:["\n",(0,a.jsx)(e.li,{children:"jsonb_extract_double will extract field with double type\uFF0Creturn NULL if the field is not double"}),"\n"]}),"\n",(0,a.jsx)(e.pre,{children:(0,a.jsx)(e.code,{children:'mysql> SELECT id, j, jsonb_extract_double(j, \'$\') FROM test_jsonb ORDER BY id;\n+------+---------------------------------------------------------------+--------------------------------+\n| id   | j                                                             | jsonb_extract_double(`j`, \'$\') |\n+------+---------------------------------------------------------------+--------------------------------+\n|    1 |                                                          NULL |                           NULL |\n|    2 |                                                          null |                           NULL |\n|    3 |                                                          true |                           NULL |\n|    4 |                                                         false |                           NULL |\n|    5 |                                                           100 |                            100 |\n|    6 |                                                         10000 |                          10000 |\n|    7 |                                                    1000000000 |                     1000000000 |\n|    8 |                                           1152921504606846976 |          1.152921504606847e+18 |\n|    9 |                                                          6.18 |                           6.18 |\n|   10 |                                                        "abcd" |                           NULL |\n|   11 |                                                            {} |                           NULL |\n|   12 |                                         {"k1":"v31","k2":300} |                           NULL |\n|   13 |                                                            [] |                           NULL |\n|   14 |                                                     [123,456] |                           NULL |\n|   15 |                                                 ["abc","def"] |                           NULL |\n|   16 |                              [null,true,false,100,6.18,"abc"] |                           NULL |\n|   17 |                            [{"k1":"v41","k2":400},1,"a",3.14] |                           NULL |\n|   18 | {"k1":"v31","k2":300,"a1":[{"k1":"v41","k2":400},1,"a",3.14]} |                           NULL |\n|   26 |                                          {"k1":"v1","k2":200} |                           NULL |\n+------+---------------------------------------------------------------+--------------------------------+\n19 rows in set (0.02 sec)\n\nmysql> SELECT id, j, jsonb_extract_double(j, \'$.k2\') FROM test_jsonb ORDER BY id;\n+------+---------------------------------------------------------------+-----------------------------------+\n| id   | j                                                             | jsonb_extract_double(`j`, \'$.k2\') |\n+------+---------------------------------------------------------------+-----------------------------------+\n|    1 |                                                          NULL |                              NULL |\n|    2 |                                                          null |                              NULL |\n|    3 |                                                          true |                              NULL |\n|    4 |                                                         false |                              NULL |\n|    5 |                                                           100 |                              NULL |\n|    6 |                                                         10000 |                              NULL |\n|    7 |                                                    1000000000 |                              NULL |\n|    8 |                                           1152921504606846976 |                              NULL |\n|    9 |                                                          6.18 |                              NULL |\n|   10 |                                                        "abcd" |                              NULL |\n|   11 |                                                            {} |                              NULL |\n|   12 |                                         {"k1":"v31","k2":300} |                               300 |\n|   13 |                                                            [] |                              NULL |\n|   14 |                                                     [123,456] |                              NULL |\n|   15 |                                                 ["abc","def"] |                              NULL |\n|   16 |                              [null,true,false,100,6.18,"abc"] |                              NULL |\n|   17 |                            [{"k1":"v41","k2":400},1,"a",3.14] |                              NULL |\n|   18 | {"k1":"v31","k2":300,"a1":[{"k1":"v41","k2":400},1,"a",3.14]} |                               300 |\n|   26 |                                          {"k1":"v1","k2":200} |                               200 |\n+------+---------------------------------------------------------------+-----------------------------------+\n19 rows in set (0.03 sec)\n'})}),"\n",(0,a.jsxs)(e.ul,{children:["\n",(0,a.jsx)(e.li,{children:"jsonb_extract_bool will extract field with boolean type\uFF0Creturn NULL if the field is not boolean"}),"\n"]}),"\n",(0,a.jsx)(e.pre,{children:(0,a.jsx)(e.code,{children:'mysql> SELECT id, j, jsonb_extract_bool(j, \'$\') FROM test_jsonb ORDER BY id;\n+------+---------------------------------------------------------------+------------------------------+\n| id   | j                                                             | jsonb_extract_bool(`j`, \'$\') |\n+------+---------------------------------------------------------------+------------------------------+\n|    1 |                                                          NULL |                         NULL |\n|    2 |                                                          null |                         NULL |\n|    3 |                                                          true |                            1 |\n|    4 |                                                         false |                            0 |\n|    5 |                                                           100 |                         NULL |\n|    6 |                                                         10000 |                         NULL |\n|    7 |                                                    1000000000 |                         NULL |\n|    8 |                                           1152921504606846976 |                         NULL |\n|    9 |                                                          6.18 |                         NULL |\n|   10 |                                                        "abcd" |                         NULL |\n|   11 |                                                            {} |                         NULL |\n|   12 |                                         {"k1":"v31","k2":300} |                         NULL |\n|   13 |                                                            [] |                         NULL |\n|   14 |                                                     [123,456] |                         NULL |\n|   15 |                                                 ["abc","def"] |                         NULL |\n|   16 |                              [null,true,false,100,6.18,"abc"] |                         NULL |\n|   17 |                            [{"k1":"v41","k2":400},1,"a",3.14] |                         NULL |\n|   18 | {"k1":"v31","k2":300,"a1":[{"k1":"v41","k2":400},1,"a",3.14]} |                         NULL |\n|   26 |                                          {"k1":"v1","k2":200} |                         NULL |\n+------+---------------------------------------------------------------+------------------------------+\n19 rows in set (0.01 sec)\n\nmysql> SELECT id, j, jsonb_extract_bool(j, \'$[1]\') FROM test_jsonb ORDER BY id;\n+------+---------------------------------------------------------------+---------------------------------+\n| id   | j                                                             | jsonb_extract_bool(`j`, \'$[1]\') |\n+------+---------------------------------------------------------------+---------------------------------+\n|    1 |                                                          NULL |                            NULL |\n|    2 |                                                          null |                            NULL |\n|    3 |                                                          true |                            NULL |\n|    4 |                                                         false |                            NULL |\n|    5 |                                                           100 |                            NULL |\n|    6 |                                                         10000 |                            NULL |\n|    7 |                                                    1000000000 |                            NULL |\n|    8 |                                           1152921504606846976 |                            NULL |\n|    9 |                                                          6.18 |                            NULL |\n|   10 |                                                        "abcd" |                            NULL |\n|   11 |                                                            {} |                            NULL |\n|   12 |                                         {"k1":"v31","k2":300} |                            NULL |\n|   13 |                                                            [] |                            NULL |\n|   14 |                                                     [123,456] |                            NULL |\n|   15 |                                                 ["abc","def"] |                            NULL |\n|   16 |                              [null,true,false,100,6.18,"abc"] |                               1 |\n|   17 |                            [{"k1":"v41","k2":400},1,"a",3.14] |                            NULL |\n|   18 | {"k1":"v31","k2":300,"a1":[{"k1":"v41","k2":400},1,"a",3.14]} |                            NULL |\n|   26 |                                          {"k1":"v1","k2":200} |                            NULL |\n+------+---------------------------------------------------------------+---------------------------------+\n19 rows in set (0.01 sec)\n'})}),"\n",(0,a.jsxs)(e.ul,{children:["\n",(0,a.jsx)(e.li,{children:"jsonb_extract_isnull will extract field with json null type\uFF0Creturn 1 if the field is json null , else 0"}),"\n",(0,a.jsx)(e.li,{children:"json null is different from SQL NULL. SQL NULL stands for no value for a field, but json null stands for an field with special value null."}),"\n"]}),"\n",(0,a.jsx)(e.pre,{children:(0,a.jsx)(e.code,{children:'mysql> SELECT id, j, jsonb_extract_isnull(j, \'$\') FROM test_jsonb ORDER BY id;\n+------+---------------------------------------------------------------+--------------------------------+\n| id   | j                                                             | jsonb_extract_isnull(`j`, \'$\') |\n+------+---------------------------------------------------------------+--------------------------------+\n|    1 |                                                          NULL |                           NULL |\n|    2 |                                                          null |                              1 |\n|    3 |                                                          true |                              0 |\n|    4 |                                                         false |                              0 |\n|    5 |                                                           100 |                              0 |\n|    6 |                                                         10000 |                              0 |\n|    7 |                                                    1000000000 |                              0 |\n|    8 |                                           1152921504606846976 |                              0 |\n|    9 |                                                          6.18 |                              0 |\n|   10 |                                                        "abcd" |                              0 |\n|   11 |                                                            {} |                              0 |\n|   12 |                                         {"k1":"v31","k2":300} |                              0 |\n|   13 |                                                            [] |                              0 |\n|   14 |                                                     [123,456] |                              0 |\n|   15 |                                                 ["abc","def"] |                              0 |\n|   16 |                              [null,true,false,100,6.18,"abc"] |                              0 |\n|   17 |                            [{"k1":"v41","k2":400},1,"a",3.14] |                              0 |\n|   18 | {"k1":"v31","k2":300,"a1":[{"k1":"v41","k2":400},1,"a",3.14]} |                              0 |\n|   26 |                                          {"k1":"v1","k2":200} |                              0 |\n+------+---------------------------------------------------------------+--------------------------------+\n19 rows in set (0.03 sec)\n\n'})}),"\n",(0,a.jsx)(e.h5,{id:"check-if-a-field-is-existed-in-json-by-jsonb_exists_path",children:"check if a field is existed in json by jsonb_exists_path"}),"\n",(0,a.jsx)(e.pre,{children:(0,a.jsx)(e.code,{children:'mysql> SELECT id, j, jsonb_exists_path(j, \'$\') FROM test_jsonb ORDER BY id;\n+------+---------------------------------------------------------------+-----------------------------+\n| id   | j                                                             | jsonb_exists_path(`j`, \'$\') |\n+------+---------------------------------------------------------------+-----------------------------+\n|    1 |                                                          NULL |                        NULL |\n|    2 |                                                          null |                           1 |\n|    3 |                                                          true |                           1 |\n|    4 |                                                         false |                           1 |\n|    5 |                                                           100 |                           1 |\n|    6 |                                                         10000 |                           1 |\n|    7 |                                                    1000000000 |                           1 |\n|    8 |                                           1152921504606846976 |                           1 |\n|    9 |                                                          6.18 |                           1 |\n|   10 |                                                        "abcd" |                           1 |\n|   11 |                                                            {} |                           1 |\n|   12 |                                         {"k1":"v31","k2":300} |                           1 |\n|   13 |                                                            [] |                           1 |\n|   14 |                                                     [123,456] |                           1 |\n|   15 |                                                 ["abc","def"] |                           1 |\n|   16 |                              [null,true,false,100,6.18,"abc"] |                           1 |\n|   17 |                            [{"k1":"v41","k2":400},1,"a",3.14] |                           1 |\n|   18 | {"k1":"v31","k2":300,"a1":[{"k1":"v41","k2":400},1,"a",3.14]} |                           1 |\n|   26 |                                          {"k1":"v1","k2":200} |                           1 |\n+------+---------------------------------------------------------------+-----------------------------+\n19 rows in set (0.02 sec)\n\nmysql> SELECT id, j, jsonb_exists_path(j, \'$.k1\') FROM test_jsonb ORDER BY id;\n+------+---------------------------------------------------------------+--------------------------------+\n| id   | j                                                             | jsonb_exists_path(`j`, \'$.k1\') |\n+------+---------------------------------------------------------------+--------------------------------+\n|    1 |                                                          NULL |                           NULL |\n|    2 |                                                          null |                              0 |\n|    3 |                                                          true |                              0 |\n|    4 |                                                         false |                              0 |\n|    5 |                                                           100 |                              0 |\n|    6 |                                                         10000 |                              0 |\n|    7 |                                                    1000000000 |                              0 |\n|    8 |                                           1152921504606846976 |                              0 |\n|    9 |                                                          6.18 |                              0 |\n|   10 |                                                        "abcd" |                              0 |\n|   11 |                                                            {} |                              0 |\n|   12 |                                         {"k1":"v31","k2":300} |                              1 |\n|   13 |                                                            [] |                              0 |\n|   14 |                                                     [123,456] |                              0 |\n|   15 |                                                 ["abc","def"] |                              0 |\n|   16 |                              [null,true,false,100,6.18,"abc"] |                              0 |\n|   17 |                            [{"k1":"v41","k2":400},1,"a",3.14] |                              0 |\n|   18 | {"k1":"v31","k2":300,"a1":[{"k1":"v41","k2":400},1,"a",3.14]} |                              1 |\n|   26 |                                          {"k1":"v1","k2":200} |                              1 |\n+------+---------------------------------------------------------------+--------------------------------+\n19 rows in set (0.03 sec)\n\nmysql> SELECT id, j, jsonb_exists_path(j, \'$[2]\') FROM test_jsonb ORDER BY id;\n+------+---------------------------------------------------------------+--------------------------------+\n| id   | j                                                             | jsonb_exists_path(`j`, \'$[2]\') |\n+------+---------------------------------------------------------------+--------------------------------+\n|    1 |                                                          NULL |                           NULL |\n|    2 |                                                          null |                              0 |\n|    3 |                                                          true |                              0 |\n|    4 |                                                         false |                              0 |\n|    5 |                                                           100 |                              0 |\n|    6 |                                                         10000 |                              0 |\n|    7 |                                                    1000000000 |                              0 |\n|    8 |                                           1152921504606846976 |                              0 |\n|    9 |                                                          6.18 |                              0 |\n|   10 |                                                        "abcd" |                              0 |\n|   11 |                                                            {} |                              0 |\n|   12 |                                         {"k1":"v31","k2":300} |                              0 |\n|   13 |                                                            [] |                              0 |\n|   14 |                                                     [123,456] |                              0 |\n|   15 |                                                 ["abc","def"] |                              0 |\n|   16 |                              [null,true,false,100,6.18,"abc"] |                              1 |\n|   17 |                            [{"k1":"v41","k2":400},1,"a",3.14] |                              1 |\n|   18 | {"k1":"v31","k2":300,"a1":[{"k1":"v41","k2":400},1,"a",3.14]} |                              0 |\n|   26 |                                          {"k1":"v1","k2":200} |                              0 |\n+------+---------------------------------------------------------------+--------------------------------+\n19 rows in set (0.02 sec)\n\n\n'})}),"\n",(0,a.jsx)(e.h5,{id:"get-the-datatype-of-a-field-in-json-by-jsonb_type",children:"get the datatype of a field in json by jsonb_type"}),"\n",(0,a.jsxs)(e.ul,{children:["\n",(0,a.jsx)(e.li,{children:"return the data type of the field specified by json path, NULL if not existed."}),"\n"]}),"\n",(0,a.jsx)(e.pre,{children:(0,a.jsx)(e.code,{children:'mysql> SELECT id, j, jsonb_type(j, \'$\') FROM test_jsonb ORDER BY id;\n+------+---------------------------------------------------------------+----------------------+\n| id   | j                                                             | jsonb_type(`j`, \'$\') |\n+------+---------------------------------------------------------------+----------------------+\n|    1 |                                                          NULL | NULL                 |\n|    2 |                                                          null | null                 |\n|    3 |                                                          true | bool                 |\n|    4 |                                                         false | bool                 |\n|    5 |                                                           100 | int                  |\n|    6 |                                                         10000 | int                  |\n|    7 |                                                    1000000000 | int                  |\n|    8 |                                           1152921504606846976 | bigint               |\n|    9 |                                                          6.18 | double               |\n|   10 |                                                        "abcd" | string               |\n|   11 |                                                            {} | object               |\n|   12 |                                         {"k1":"v31","k2":300} | object               |\n|   13 |                                                            [] | array                |\n|   14 |                                                     [123,456] | array                |\n|   15 |                                                 ["abc","def"] | array                |\n|   16 |                              [null,true,false,100,6.18,"abc"] | array                |\n|   17 |                            [{"k1":"v41","k2":400},1,"a",3.14] | array                |\n|   18 | {"k1":"v31","k2":300,"a1":[{"k1":"v41","k2":400},1,"a",3.14]} | object               |\n|   26 |                                          {"k1":"v1","k2":200} | object               |\n+------+---------------------------------------------------------------+----------------------+\n19 rows in set (0.02 sec)\n\nmysql> select id, j, jsonb_type(j, \'$.k1\') from test_jsonb order by id;\n+------+---------------------------------------------------------------+-------------------------+\n| id   | j                                                             | jsonb_type(`j`, \'$.k1\') |\n+------+---------------------------------------------------------------+-------------------------+\n|    1 |                                                          NULL | NULL                    |\n|    2 |                                                          null | NULL                    |\n|    3 |                                                          true | NULL                    |\n|    4 |                                                         false | NULL                    |\n|    5 |                                                           100 | NULL                    |\n|    6 |                                                         10000 | NULL                    |\n|    7 |                                                    1000000000 | NULL                    |\n|    8 |                                           1152921504606846976 | NULL                    |\n|    9 |                                                          6.18 | NULL                    |\n|   10 |                                                        "abcd" | NULL                    |\n|   11 |                                                            {} | NULL                    |\n|   12 |                                         {"k1":"v31","k2":300} | string                  |\n|   13 |                                                            [] | NULL                    |\n|   14 |                                                     [123,456] | NULL                    |\n|   15 |                                                 ["abc","def"] | NULL                    |\n|   16 |                              [null,true,false,100,6.18,"abc"] | NULL                    |\n|   17 |                            [{"k1":"v41","k2":400},1,"a",3.14] | NULL                    |\n|   18 | {"k1":"v31","k2":300,"a1":[{"k1":"v41","k2":400},1,"a",3.14]} | string                  |\n|   26 |                                          {"k1":"v1","k2":200} | string                  |\n+------+---------------------------------------------------------------+-------------------------+\n19 rows in set (0.03 sec)\n\n'})}),"\n",(0,a.jsx)(e.h3,{id:"keywords",children:"keywords"}),"\n",(0,a.jsx)(e.p,{children:"JSONB, JSON, jsonb_parse, jsonb_parse_error_to_null, jsonb_parse_error_to_value, jsonb_extract, jsonb_extract_isnull, jsonb_extract_bool, jsonb_extract_int, jsonb_extract_bigint, jsonb_extract_double, jsonb_extract_string, jsonb_exists_path, jsonb_type"})]})}function c(n={}){let{wrapper:e}={...(0,L.a)(),...n.components};return e?(0,a.jsx)(e,{...n,children:(0,a.jsx)(o,{...n})}):o(n)}},250065:function(n,e,t){t.d(e,{Z:function(){return i},a:function(){return l}});var s=t(667294);let a={},L=s.createContext(a);function l(n){let e=s.useContext(L);return s.useMemo(function(){return"function"==typeof n?n(e):{...e,...n}},[e,n])}function i(n){let e;return e=n.disableParentContext?"function"==typeof n.components?n.components(a):n.components||a:l(n.components),s.createElement(L.Provider,{value:e},n.children)}}}]);